{
    "b64decode": 1.5773502691896257,
    "encode": 1.5773502691896257,
    "__import__": 1.5773502691896257
}