{
    "os.uname": 1.4472135954999579,
    "os.getcwd": 1.4472135954999579,
    "requests.get": 1.4472135954999579,
    "os.getlogin": 1.4472135954999579,
    "socket.gethostname": 1.4472135954999579
}