{
    "setuptools.setup": 1.7071067811865475,
    "os.system": 1.7071067811865475
}