{
    "print": 1.4606103228955458,
    "os.system": 1.4471506370529421,
    "setup": 1.4426791306824125,
    "install.run": 1.4426791306824125,
    "find_packages": 1.4426791306824125
}