{
    "setup": 1.4082482904638631,
    "install.run": 1.4082482904638631,
    "socket.gethostname": 1.4082482904638631,
    "os.getcwd": 1.4082482904638631,
    "getpass.getuser": 1.4082482904638631,
    "requests.get": 1.4082482904638631
}