{
    "__import__": 1.4508164918325264,
    "exec": 1.4463083269142012,
    "decompress": 1.4463083269142012,
    "_": 1.4463083269142012,
    "b64decode": 1.4463083269142012
}