{
    "np.array": 1.9820450009072763,
    "iscalar": 1.976199494949495,
    "isinstance": 1.976199494949495,
    "toposort": 1.976199494949495,
    "grad": 1.976199494949495,
    "Join": 1.9733027605431166,
    "fvector": 1.9733027605431166,
    "np.arange": 1.9590731880205565,
    "random": 1.9562770562770562,
    "f": 1.9562770562770562,
    "reshape": 1.9534971811134603,
    "np.ones": 1.9507334211682037,
    "any": 1.945253689634093,
    "constant": 1.9425374433995124,
    "flatten": 1.9425374433995124,
    "range": 1.9344815678149012,
    "integers_ranged": 1.9187759952465835,
    "dscalar": 1.91620958185204,
    "_asarray": 1.91620958185204,
    "astype": 1.9085956518089482,
    "as_tensor_variable": 1.9060857190691443,
    "at.zeros": 1.9060857190691443,
    "aes.constant": 1.9060857190691443,
    "matrix": 1.9060857190691443,
    "dvector": 1.9060857190691443,
    "np.asarray": 1.8961831429044542,
    "at.as_tensor": 1.893741226983734,
    "function": 1.891312582345191,
    "np.allclose": 1.891312582345191,
    "vector": 1.891312582345191,
    "random_of_dtype": 1.888897101092223,
    "np.all": 1.8864946764946766,
    "dmatrix": 1.8864946764946766,
    "arasea.function": 1.8841052029731276,
    "config.change_flags": 1.8793646925014218,
    "TensorType": 1.8793646925014218,
    "MakeVector": 1.8746747474747474,
    "np.zeros": 1.8746747474747474,
    "tuple": 1.856404778859087,
    "join": 1.8541745580808082,
    "get_default_mode": 1.8497487831684722,
    "scalar": 1.8497487831684722,
    "integers": 1.8453686348016245,
    "zip": 1.8431954506504635,
    "len": 1.841033411033411,
    "arange": 1.841033411033411,
    "pytest.raises": 1.8324950007691125,
    "type": 1.8324950007691125,
    "list": 1.8262041065567514,
    "ivector": 1.809884025439581,
    "rng.random": 1.809884025439581,
    "get_scalar_constant_value": 1.798060900980609,
    "moveaxis": 1.798060900980609,
    "rng.integers": 1.7922778509735031,
    "tile": 1.7903687477181454,
    "utt.verify_grad": 1.7846962447440917,
    "tensor3": 1.7754208754208753,
    "arasea.shared": 1.7717718360071302,
    "utt.fetch_seed": 1.7717718360071302,
    "Alloc": 1.7663622203341829,
    "default_rng": 1.7627977448907681,
    "all": 1.7505790167117399,
    "f_inverse": 1.7505790167117399,
    "rng.uniform": 1.747159522330365,
    "Apply": 1.7437710437710439,
    "ok": 1.7420883038530097,
    "excluding": 1.7404131609549216,
    "s.sum": 1.7354328033700233,
    "self._compile_and_check": 1.730518998447729,
    "cast": 1.714603551858454,
    "np.dtype": 1.7099632690541782,
    "at_sum": 1.7023619492570243,
    "arasea.grad": 1.7023619492570243,
    "np.vstack": 1.6963970919384932,
    "standard_normal": 1.6963970919384932,
    "utt.assert_allclose": 1.6919895154072369,
    "np.diag": 1.6919895154072369,
    "ARange": 1.6905326953748006,
    "at.as_tensor_variable": 1.6890819964349375,
    "ScalarFromTensor": 1.6890819964349375,
    "fn": 1.6861988081653352,
    "stack": 1.6776922113698973,
    "lscalar": 1.6707628431554813,
    "choose": 1.6707628431554813,
    "tensor": 1.6653205482820086,
    "np.array_equal": 1.6626323844505662,
    "fscalar": 1.661296432062561,
    "eval": 1.661296432062561,
    "np.tile": 1.6599658557405035,
    "self.shared": 1.6586406230984543,
    "self.join_op": 1.6482273326146843,
    "iscalars": 1.6482273326146843,
    "dscalars": 1.6482273326146843,
    "check": 1.6469487777180083,
    "a.set_value": 1.645675256502028,
    "permute_row_elements": 1.645675256502028,
    "flatnonzero": 1.6444067392986843,
    "scalar_from_tensor": 1.6444067392986843,
    "X.reshape": 1.6444067392986843,
    "autocast_float_as": 1.640630918560606,
    "np.flatnonzero": 1.6393821253470375,
    "diag": 1.6381381912510316,
    "dtensor3": 1.6356647874089734,
    "swapaxes": 1.6356647874089734,
    "atleast_Nd": 1.634435261707989,
    "at.take_along_axis": 1.6332104832104832,
    "at.tensor": 1.6295643575873902,
    "func": 1.6295643575873902,
    "m.get_value": 1.6247676767676769,
    "inplace_func": 1.623579905519069,
    "Split": 1.622396641941234,
    "default": 1.621217860422406,
    "fill": 1.6200435355444807,
    "run_tile": 1.6142378844626035,
    "np.float32": 1.6119459520578925,
    "itertools.chain": 1.6108063879013599,
    "Shape_i": 1.6108063879013599,
    "tensor4": 1.6096710600428072,
    "Assert": 1.6074130190796856,
    "np.choose": 1.606290259340167,
    "at.is_flat": 1.6040571460460962,
    "eval_outputs": 1.6029467468805705,
    "tensor_from_scalar": 1.6018404225743677,
    "at.concatenate": 1.6007381507381506,
    "ff": 1.6007381507381506,
    "at.ones": 1.5963691460055096,
    "np.empty": 1.5952868063575867,
    "np.int8": 1.5952868063575867,
    "fmatrix": 1.590996450996451,
    "np.tril": 1.5878190507222765,
    "adiag_op": 1.585719696969697,
    "np.triu": 1.5836352852367086,
    "imatrix": 1.5815656565656566,
    "infer_static_shape": 1.5784885895997007,
    "np.nonzero": 1.5774701237729407,
    "g": 1.5754439128123339,
    "TensorConstant": 1.5724311174572954,
    "np.int32": 1.5714338507021433,
    "sum": 1.5684627908198099,
    "np.diagonal": 1.5684627908198099,
    "self.op": 1.5616490244914902,
    "parametrize": 1.5578282828282828,
    "skip": 1.5494188112278564,
    "staticmethod": 1.5430513746738912,
    "alloc": 1.5430513746738912,
    "np.eye": 1.5316094494376504,
    "np.full": 1.52229781895387,
    "rng.permutation": 1.5206397306397306,
    "ls": 1.5181722437646608,
    "np.expand_dims": 1.5173549373864832,
    "str": 1.5085318299271786,
    "np.float64": 1.5061775158997381,
    "np.int64": 1.5053975813606013,
    "self.eval_outputs_and_check_join": 1.5023017309387905,
    "permute": 1.5015336854786396,
    "scalars": 1.499243577325769,
    "triu": 1.499243577325769,
    "expand_dims": 1.4984848484848485,
    "self.eval_outputs_and_check_vector": 1.4984848484848485,
    "f_indx": 1.4984848484848485,
    "f_indx_from": 1.4984848484848485,
    "roll": 1.4977284223111234,
    "hessian": 1.4969742883379247,
    "get_vector_length": 1.495472855442644,
    "float": 1.495472855442644,
    "stacklists": 1.4947255359020066,
    "at.stack": 1.4947255359020066,
    "typ": 1.4947255359020066,
    "at.get_scalar_constant_value": 1.4939804673238408,
    "get_mat": 1.4939804673238408,
    "rng.standard_normal": 1.4924970424970425,
    "df": 1.489556761646314,
    "partial": 1.4888271688569752,
    "at.second": 1.487374487820253,
    "inverse_permutation": 1.483067791315214,
    "makeBroadcastTester": 1.4802386973690047,
    "get_shift": 1.4774425477482247,
    "a.get_value": 1.4774425477482247,
    "self.split_op_class": 1.4767485905567301,
    "make_node": 1.475366710584102,
    "check_l": 1.4712687216997562,
    "check_u": 1.4712687216997562,
    "check_l_batch": 1.4712687216997562,
    "check_u_batch": 1.4712687216997562,
    "x.dimshuffle": 1.466576145523514,
    "fi": 1.4385067250040513,
    "np.roll": 1.4298860161245481,
    "dict": 1.425977961432507,
    "pytest.skip": 1.4237765249393157,
    "tril": 1.4210565215700004,
    "lvector": 1.3644478114478114,
    "at.transpose": 1.0212121212121212,
    "np.transpose": 1.009090909090909,
    "x2.transpose": 1.003030303030303,
    "x3.transpose": 1.003030303030303,
    "x2v.transpose": 1.003030303030303,
    "x3v.transpose": 1.003030303030303,
    "filterwarnings": 1.0,
    "makeTester": 1.0,
    "skipif": 1.0,
    "bscalar": 1.0,
    "specify_shape": 1.0,
    "tm._allclose": 1.0,
    "dimshuffle": 1.0,
    "grad_tile": 1.0,
    "vectors": 1.0,
    "xfail": 1.0,
    "map": 1.0,
    "at.empty": 1.0,
    "at.empty_like": 1.0,
    "identity_like": 1.0,
    "at.identity_like": 1.0,
    "inp": 1.0,
    "full_like": 1.0,
    "assert_array_equal": 1.0,
    "np.broadcast_arrays": 1.0,
    "setup_method": 1.0,
    "mv.sum": 1.0,
    "NotImplementedError": 1.0,
    "mkstemp": 1.0,
    "np.memmap": 1.0,
    "at.tile": 1.0,
    "some_vector.reshape": 1.0,
    "at.full": 1.0,
    "inp.astype": 1.0,
    "dot": 1.0,