{
    "np.array": 2.4545454545454546,
    "iscalar": 2.4393939393939394,
    "isinstance": 2.4333333333333336,
    "f": 2.4333333333333336,
    "random": 2.4060606060606062,
    "constant": 2.4030303030303033,
    "np.arange": 2.4030303030303033,
    "toposort": 2.4,
    "np.ones": 2.3878787878787877,
    "as_tensor_variable": 2.3636363636363633,
    "grad": 2.3636363636363633,
    "astype": 2.3606060606060604,
    "dscalar": 2.3545454545454545,
    "np.allclose": 2.3545454545454545,
    "range": 2.3515151515151516,
    "function": 2.3484848484848486,
    "matrix": 2.3484848484848486,
    "arasea.function": 2.3424242424242427,
    "fvector": 2.3363636363636364,
    "np.asarray": 2.33030303030303,
    "vector": 2.327272727272727,
    "np.all": 2.327272727272727,
    "dvector": 2.327272727272727,
    "config.change_flags": 2.312121212121212,
    "flatten": 2.309090909090909,
    "reshape": 2.309090909090909,
    "at.as_tensor": 2.309090909090909,
    "np.zeros": 2.3030303030303028,
    "MakeVector": 2.290909090909091,
    "TensorType": 2.284848484848485,
    "dmatrix": 2.2727272727272725,
    "random_of_dtype": 2.2666666666666666,
    "join": 2.2606060606060607,
    "at.zeros": 2.2606060606060607,
    "any": 2.254545454545455,
    "pytest.raises": 2.2484848484848485,
    "tuple": 2.245454545454545,
    "Join": 2.242424242424242,
    "scalar": 2.242424242424242,
    "len": 2.2333333333333334,
    "zip": 2.2303030303030305,
    "get_default_mode": 2.215151515151515,
    "arange": 2.215151515151515,
    "integers": 2.2,
    "ivector": 2.190909090909091,
    "rng.random": 2.16969696969697,
    "_asarray": 2.1636363636363636,
    "aes.constant": 2.1606060606060606,
    "get_scalar_constant_value": 2.1545454545454543,
    "tile": 2.1515151515151514,
    "utt.verify_grad": 2.1454545454545455,
    "utt.fetch_seed": 2.1303030303030304,
    "type": 2.1303030303030304,
    "integers_ranged": 2.118181818181818,
    "tensor3": 2.118181818181818,
    "list": 2.118181818181818,
    "default_rng": 2.103030303030303,
    "arasea.shared": 2.103030303030303,
    "all": 2.081818181818182,
    "moveaxis": 2.0545454545454547,
    "self._compile_and_check": 2.039393939393939,
    "rng.integers": 2.039393939393939,
    "f_inverse": 2.036363636363636,
    "rng.uniform": 2.0303030303030303,
    "excluding": 2.0242424242424244,
    "Alloc": 2.0212121212121215,
    "ok": 2.018181818181818,
    "Apply": 2.003030303030303,
    "np.dtype": 1.9787878787878788,
    "cast": 1.9727272727272727,
    "at_sum": 1.9484848484848485,
    "arasea.grad": 1.9484848484848485,
    "standard_normal": 1.9454545454545453,
    "s.sum": 1.9363636363636365,
    "utt.assert_allclose": 1.9333333333333333,
    "np.vstack": 1.9303030303030302,
    "at.as_tensor_variable": 1.9242424242424243,
    "stack": 1.912121212121212,
    "fn": 1.912121212121212,
    "ARange": 1.9,
    "lscalar": 1.8727272727272726,
    "tensor": 1.8727272727272726,
    "self.shared": 1.8545454545454545,
    "np.diag": 1.8515151515151516,
    "ScalarFromTensor": 1.8484848484848486,
    "np.array_equal": 1.8393939393939394,
    "np.tile": 1.8393939393939394,
    "fscalar": 1.8393939393939394,
    "choose": 1.8272727272727272,
    "self.join_op": 1.8151515151515152,
    "iscalars": 1.8151515151515152,
    "dscalars": 1.8151515151515152,
    "permute_row_elements": 1.812121212121212,
    "check": 1.809090909090909,
    "a.set_value": 1.809090909090909,
    "eval": 1.8060606060606061,
    "scalar_from_tensor": 1.803030303030303,
    "X.reshape": 1.803030303030303,
    "flatnonzero": 1.8,
    "np.flatnonzero": 1.8,
    "diag": 1.7969696969696969,
    "autocast_float_as": 1.790909090909091,
    "swapaxes": 1.7818181818181817,
    "at.take_along_axis": 1.7787878787878788,
    "func": 1.7727272727272727,
    "m.get_value": 1.7545454545454544,
    "dtensor3": 1.7515151515151515,
    "atleast_Nd": 1.7515151515151515,
    "at.tensor": 1.7484848484848485,
    "fill": 1.7363636363636363,
    "run_tile": 1.7181818181818183,
    "inplace_func": 1.7030303030303031,
    "itertools.chain": 1.7030303030303031,
    "default": 1.7,
    "Shape_i": 1.696969696969697,
    "Assert": 1.687878787878788,
    "np.choose": 1.6727272727272728,
    "Split": 1.6727272727272728,
    "np.float32": 1.6484848484848484,
    "tensor4": 1.6454545454545455,
    "np.empty": 1.6393939393939394,
    "at.ones": 1.6272727272727274,
    "at.is_flat": 1.6181818181818182,
    "np.int8": 1.6181818181818182,
    "ff": 1.612121212121212,
    "eval_outputs": 1.6090909090909091,
    "np.tril": 1.606060606060606,
    "tensor_from_scalar": 1.603030303030303,
    "imatrix": 1.603030303030303,
    "at.concatenate": 1.6,
    "np.triu": 1.596969696969697,
    "np.nonzero": 1.5666666666666667,
    "fmatrix": 1.5636363636363635,
    "adiag_op": 1.5484848484848484,
    "g": 1.5454545454545454,
    "sum": 1.5454545454545454,
    "infer_static_shape": 1.496969696969697,
    "np.diagonal": 1.490909090909091,
    "np.int32": 1.481818181818182,
    "alloc": 1.4787878787878788,
    "TensorConstant": 1.4606060606060607,
    "np.eye": 1.4424242424242424,
    "self.op": 1.4363636363636363,
    "np.full": 1.403030303030303,
    "parametrize": 1.4,
    "skip": 1.3606060606060606,
    "rng.permutation": 1.3606060606060606,
    "staticmethod": 1.3424242424242423,
    "f_indx": 1.3151515151515152,
    "f_indx_from": 1.3151515151515152,
    "tril": 1.312121212121212,
    "typ": 1.309090909090909,
    "check_l": 1.303030303030303,
    "check_u": 1.303030303030303,
    "check_l_batch": 1.303030303030303,
    "check_u_batch": 1.303030303030303,
    "roll": 1.303030303030303,
    "triu": 1.303030303030303,
    "np.roll": 1.3,
    "at.transpose": 1.2969696969696969,
    "zeros_scalar": 1.293939393939394,
    "nonzero": 1.293939393939394,
    "permute": 1.290909090909091,
    "fobj": 1.290909090909091,
    "fgrad": 1.290909090909091,
    "alloc_": 1.290909090909091,
    "ones_scalar": 1.290909090909091,
    "pytest.skip": 1.290909090909091,
    "eye": 1.2878787878787878,
    "nonzero_values": 1.2878787878787878,
    "self.split_op_class": 1.2878787878787878,
    "np.transpose": 1.2878787878787878,
    "x2v.transpose": 1.2878787878787878,
    "x3v.transpose": 1.2878787878787878,
    "tensor_copy": 1.284848484848485,
    "multi_dtype_cast_checks": 1.284848484848485,
    "get_mat": 1.284848484848485,
    "x2.transpose": 1.284848484848485,
    "x3.transpose": 1.284848484848485,
    "at.second": 1.2818181818181817,
    "aes.int8": 1.2818181818181817,
    "pytest.warns": 1.2818181818181817,
    "B.sum": 1.2818181818181817,
    "A.sum": 1.2818181818181817,
    "fscalars": 1.2818181818181817,
    "inverse_permutation": 1.2787878787878788,
    "b.set_value": 1.2787878787878788,
    "get_shift": 1.2787878787878788,
    "a.get_value": 1.2787878787878788,
    "np.expand_dims": 1.2757575757575759,
    "at.stack": 1.2757575757575759,
    "np.concatenate": 1.2757575757575759,
    "In": 1.2757575757575759,
    "shape_padright": 1.2757575757575759,
    "fn_py": 1.2757575757575759,
    "fn_c_or_py": 1.2757575757575759,
    "a.reshape": 1.2757575757575759,
    "xx.set_value": 1.2757575757575759,
    "x1v.transpose": 1.2757575757575759,
    "ExtractDiag": 1.2757575757575759,
    "rng.standard_normal": 1.2757575757575759,
    "at.get_scalar_constant_value": 1.2727272727272727,
    "col": 1.2727272727272727,
    "y.eval": 1.2727272727272727,
    "x1.transpose": 1.2727272727272727,
    "np_fn": 1.2727272727272727,
    "np.triu_indices": 1.2727272727272727,
    "np.triu_indices_from": 1.2727272727272727,
    "extract_constant": 1.2696969696969698,
    "self._generator": 1.2696969696969698,
    "int": 1.2696969696969698,
    "A.choose": 1.2696969696969698,
    "x.dimshuffle": 1.2696969696969698,
    "triu_indices": 1.2696969696969698,
    "triu_indices_from": 1.2696969696969698,
    "itensor3": 1.2666666666666666,
    "x.swapaxes": 1.2666666666666666,
    "np.swapaxes": 1.2666666666666666,
    "compile.In": 1.2666666666666666,