{
    "np.array": 327.8333333333333,
    "iscalar": 326.8333333333333,
    "grad": 326.8333333333333,
    "isinstance": 326.8333333333333,
    "toposort": 326.8333333333333,
    "Join": 326.3333333333333,
    "fvector": 326.3333333333333,
    "np.arange": 323.8333333333333,
    "random": 323.3333333333333,
    "f": 323.3333333333333,
    "reshape": 322.8333333333333,
    "np.ones": 322.3333333333333,
    "any": 321.3333333333333,
    "flatten": 320.8333333333333,
    "constant": 320.8333333333333,
    "range": 319.3333333333333,
    "integers_ranged": 316.0,
    "dscalar": 315.8333333333333,
    "_asarray": 315.8333333333333,
    "astype": 314.3333333333333,
    "dvector": 313.8333333333333,
    "as_tensor_variable": 313.8333333333333,
    "aes.constant": 313.8333333333333,
    "matrix": 313.8333333333333,
    "at.zeros": 313.8333333333333,
    "np.asarray": 311.8333333333333,
    "function": 311.5833333333333,
    "vector": 311.5833333333333,
    "np.allclose": 311.5833333333333,
    "at.as_tensor": 311.3333333333333,
    "np.all": 310.5833333333333,
    "dmatrix": 310.5833333333333,
    "random_of_dtype": 310.3333333333333,
    "arasea.function": 310.0833333333333,
    "TensorType": 309.0833333333333,
    "config.change_flags": 309.0833333333333,
    "MakeVector": 307.3333333333333,
    "np.zeros": 307.3333333333333,
    "join": 303.5833333333333,
    "tuple": 303.3333333333333,
    "get_default_mode": 302.5833333333333,
    "scalar": 301.8333333333333,
    "integers": 300.8333333333333,
    "zip": 300.3333333333333,
    "len": 299.8333333333333,
    "arange": 299.8333333333333,
    "type": 297.8333333333333,
    "pytest.raises": 297.8333333333333,
    "list": 296.3333333333333,
    "rng.random": 292.3333333333333,
    "ivector": 292.3333333333333,
    "get_scalar_constant_value": 289.3333333333333,
    "moveaxis": 289.3333333333333,
    "rng.integers": 287.8333333333333,
    "tile": 287.3333333333333,
    "utt.verify_grad": 286.5833333333333,
    "tensor3": 284.41666666666663,
    "arasea.shared": 283.41666666666663,
    "utt.fetch_seed": 283.41666666666663,
    "Alloc": 280.8333333333333,
    "default_rng": 280.5833333333333,
    "f_inverse": 277.41666666666663,
    "all": 277.0833333333333,
    "rng.uniform": 276.41666666666663,
    "Apply": 275.41666666666663,
    "ok": 274.91666666666663,
    "excluding": 274.0833333333333,
    "s.sum": 271.8333333333333,
    "self._compile_and_check": 271.41666666666663,
    "cast": 266.0833333333333,
    "np.dtype": 263.8333333333333,
    "at_sum": 262.41666666666663,
    "arasea.grad": 262.41666666666663,
    "standard_normal": 260.41666666666663,
    "np.vstack": 260.41666666666663,
    "utt.assert_allclose": 258.91666666666663,
    "at.as_tensor_variable": 257.91666666666663,
    "np.diag": 257.8333333333333,
    "ARange": 257.3333333333333,
    "fn": 256.91666666666663,
    "ScalarFromTensor": 256.8333333333333,
    "stack": 253.91666666666666,
    "lscalar": 251.08333333333331,
    "choose": 250.33333333333331,
    "tensor": 249.41666666666666,
    "np.array_equal": 248.08333333333331,
    "self.shared": 246.91666666666666,
    "fscalar": 246.83333333333331,
    "eval": 246.83333333333331,
    "np.tile": 246.33333333333331,
    "self.join_op": 242.91666666666666,
    "iscalars": 242.91666666666666,
    "dscalars": 242.91666666666666,
    "check": 242.41666666666666,
    "a.set_value": 241.91666666666666,
    "permute_row_elements": 241.91666666666666,
    "scalar_from_tensor": 241.41666666666666,
    "X.reshape": 241.41666666666666,
    "flatnonzero": 241.41666666666666,
    "autocast_float_as": 239.91666666666666,
    "np.flatnonzero": 239.41666666666666,
    "diag": 238.91666666666666,
    "swapaxes": 237.91666666666666,
    "dtensor3": 237.58333333333331,
    "atleast_Nd": 237.08333333333331,
    "at.take_along_axis": 236.91666666666666,
    "func": 235.41666666666666,
    "at.tensor": 235.41666666666666,
    "m.get_value": 233.41666666666666,
    "inplace_func": 232.58333333333331,
    "default": 231.58333333333331,
    "fill": 231.41666666666666,
    "Split": 231.33333333333331,
    "run_tile": 228.91666666666666,
    "Shape_i": 227.41666666666666,
    "itertools.chain": 227.41666666666666,
    "np.float32": 226.83333333333331,
    "tensor4": 226.58333333333331,
    "Assert": 225.91666666666666,
    "np.choose": 225.41666666666666,
    "at.is_flat": 224.08333333333331,
    "eval_outputs": 223.58333333333331,
    "tensor_from_scalar": 223.08333333333331,
    "at.concatenate": 222.58333333333331,
    "ff": 221.83333333333331,
    "np.empty": 220.41666666666666,
    "at.ones": 219.83333333333331,
    "np.int8": 219.33333333333331,
    "fmatrix": 218.08333333333331,
    "np.tril": 215.83333333333331,
    "adiag_op": 214.83333333333331,
    "imatrix": 213.91666666666666,
    "np.triu": 213.83333333333331,
    "infer_static_shape": 212.08333333333331,
    "g": 210.91666666666666,
    "np.nonzero": 210.83333333333331,
    "np.int32": 209.25,
    "TensorConstant": 209.08333333333331,
    "sum": 207.41666666666666,
    "np.diagonal": 206.33333333333331,
    "self.op": 202.83333333333331,
    "parametrize": 201.58333333333331,
    "skip": 197.08333333333331,
    "alloc": 193.91666666666666,
    "staticmethod": 193.58333333333331,
    "np.eye": 187.41666666666666,
    "np.full": 181.91666666666666,
    "rng.permutation": 180.91666666666666,
    "ls": 179.75,
    "np.expand_dims": 178.58333333333331,
    "str": 173.75,
    "np.float64": 172.25,
    "np.int64": 171.75,
    "permute": 169.91666666666669,
    "self.eval_outputs_and_check_join": 169.75,
    "triu": 168.75000000000003,
    "scalars": 168.41666666666669,
    "f_indx": 167.58333333333334,
    "f_indx_from": 167.58333333333334,
    "hessian": 167.25000000000003,
    "self.eval_outputs_and_check_vector": 167.25,
    "expand_dims": 167.25,
    "roll": 166.75,
    "get_vector_length": 166.25000000000003,
    "rng.standard_normal": 166.25,
    "typ": 166.08333333333337,
    "float": 165.91666666666669,
    "stacklists": 165.75000000000003,
    "at.stack": 165.41666666666669,
    "inverse_permutation": 165.08333333333357,
    "partial": 165.08333333333346,
    "get_mat": 164.91666666666669,
    "at.get_scalar_constant_value": 164.91666666666669,
    "at.second": 164.4166666666668,
    "df": 163.91666666666666,
    "makeBroadcastTester": 162.00000000000026,
    "a.get_value": 161.75000000000026,
    "get_shift": 161.75000000000026,
    "self.split_op_class": 161.25000000000026,
    "make_node": 160.5833333333336,
    "check_u_batch": 159.91666666666669,
    "check_l": 159.91666666666669,
    "check_u": 159.91666666666669,
    "check_l_batch": 159.91666666666669,
    "x.dimshuffle": 158.4166666666667,
    "fi": 151.25,
    "tril": 149.41666666666686,
    "np.roll": 149.28333333333373,
    "dict": 147.78333333333364,
    "pytest.skip": 146.58333333333323,
    "lvector": 126.61666666666628,
    "at.transpose": 8.0,
    "np.transpose": 4.0,
    "x2v.transpose": 2.0,
    "x3v.transpose": 2.0,
    "x3.transpose": 2.0,
    "x2.transpose": 2.0,
    "a.choose": 1,
    "np.triu_indices_from": 1,
    "uniform": 1,
    "at.identity_like": 1,
    "aes.int64": 1,
    "super": 1,
    "wvector": 1,
    "tril_indices": 1,
    "some_vector.reshape": 1,
    "dtype.startswith": 1,
    "ApplyDefaultTestOp": 1,
    "inp": 1,
    "x.swapaxes": 1,
    "pytest.warns": 1,
    "np.tril_indices_from": 1,
    "ones_const": 1,
    "np.int16": 1,
    "dot": 1,
    "f_inputs.append": 1,
    "b.set_value": 1,
    "Out": 1,
    "full_like": 1,
    "ones": 1,
    "bscalar": 1,
    "makeTester": 1,
    "get_mode": 1,
    "fgrad": 1,
    "Tri": 1,
    "nonzero_values": 1,
    "ones_scalar": 1,
    "Shape": 1,
    "np.memmap": 1,
    "np.broadcast_arrays": 1,
    "alloc_": 1,
    "make_vector": 1,
    "self.alloc_diag": 1,
    "at.tile": 1,
    "aes.float64": 1,
    "zeros": 1,
    "horizontal_stack": 1,
    "bvector": 1,
    "A.sum": 1,
    "at.full": 1,
    "aes.ScalarType": 1,