{
    "as_tensor_variable": 1.1001675846400043,
    "at.zeros": 1.1001675846400043,
    "aes.constant": 1.1001675846400043,
    "matrix": 1.1001675846400043,
    "dvector": 1.1001373890595527,
    "astype": 1.1000935558344496,
    "dscalar": 1.0998829654319837,
    "_asarray": 1.099881484855873,
    "np.ones": 1.0993442813154042,
    "integers_ranged": 1.0993400295963662,
    "constant": 1.0993165269540106,
    "flatten": 1.0993165269540106,
    "any": 1.0992432384365114,
    "pytest.raises": 1.0992332403327711,
    "f": 1.099226865869495,
    "scalar": 1.0991815398541926,
    "np.arange": 1.0991528370639403,
    "reshape": 1.099149018172686,
    "random": 1.0991418362412975,
    "range": 1.0989139610944043,
    "Join": 1.0988973707302954,
    "fvector": 1.0988973707302954,
    "at.as_tensor": 1.0988892930421774,
    "zip": 1.098874592319196,
    "toposort": 1.0988233419247408,
    "isinstance": 1.0988233419247406,
    "grad": 1.0988233419247406,
    "np.asarray": 1.0988152642366227,
    "np.array": 1.0986767648897424,
    "iscalar": 1.098672945998488,
    "arasea.function": 1.0986207244834256,
    "random_of_dtype": 1.0984825655784671,
    "function": 1.0984008589309282,
    "np.allclose": 1.0984008589309282,
    "vector": 1.0984008589309282,
    "integers": 1.097856134540482,
    "MakeVector": 1.0976724450648743,
    "config.change_flags": 1.0976337881477074,
    "TensorType": 1.0976337881477072,
    "np.zeros": 1.097625907501067,
    "np.all": 1.0974724716020272,
    "dmatrix": 1.0974724716020272,
    "tuple": 1.097466111043358,
    "join": 1.0967579980989208,
    "get_default_mode": 1.0954437311033514,
    "len": 1.095398827796411,
    "arange": 1.0953031254553722,
    "ivector": 1.0951965534025667,
    "tile": 1.0946816133644504,
    "type": 1.0946655039030777,
    "utt.verify_grad": 1.093683402094177,
    "list": 1.0936727113045204,
    "arasea.shared": 1.0936454150980959,
    "rng.random": 1.0934234669565026,
    "all": 1.0928881013652385,
    "moveaxis": 1.0928432381168742,
    "get_scalar_constant_value": 1.0926281289575899,
    "tensor3": 1.0925753694834037,
    "self._compile_and_check": 1.0921996727042815,
    "utt.fetch_seed": 1.092060529132028,
    "Apply": 1.0916202646148443,
    "excluding": 1.0915563144722855,
    "rng.integers": 1.091358391311608,
    "default_rng": 1.0912416410766907,
    "rng.uniform": 1.0895074714611717,
    "f_inverse": 1.0894316636921684,
    "cast": 1.088223095514611,
    "s.sum": 1.0873575969011828,
    "ok": 1.087078367665256,
    "stack": 1.0864168385106117,
    "at.as_tensor_variable": 1.0849644392253208,
    "Alloc": 1.084306964235525,
    "lscalar": 1.0842453412339212,
    "check": 1.0826367387384697,
    "self.shared": 1.0825725922860379,
    "flatnonzero": 1.0820773578553593,
    "np.dtype": 1.0819809687899966,
    "a.set_value": 1.0808261716443965,
    "np.array_equal": 1.0808132381549416,
    "self.join_op": 1.0806888364770928,
    "permute_row_elements": 1.0803246485862832,
    "iscalars": 1.0802275943094788,
    "dscalars": 1.0802275943094788,
    "tensor": 1.0796905406337785,
    "scalar_from_tensor": 1.0792656507038452,
    "np.vstack": 1.078942357120546,
    "diag": 1.0779731815575455,
    "X.reshape": 1.0771683169369173,
    "autocast_float_as": 1.0770004700757558,
    "fn": 1.076798428221896,
    "np.diag": 1.076620093647998,
    "at.tensor": 1.0764456134658538,
    "at_sum": 1.0763980434479812,
    "arasea.grad": 1.0763980434479812,
    "standard_normal": 1.0755576841472612,
    "ARange": 1.0755176454830497,
    "dtensor3": 1.075240194845158,
    "atleast_Nd": 1.0750002941215935,
    "np.tile": 1.074964571682173,
    "fscalar": 1.0749005583147055,
    "ScalarFromTensor": 1.0747788176417687,
    "utt.assert_allclose": 1.0745115282069562,
    "choose": 1.0741133522736985,
    "itertools.chain": 1.0735062716722252,
    "swapaxes": 1.0707613170995685,
    "default": 1.069573091808787,
    "eval": 1.0687545386374144,
    "inplace_func": 1.0685135286205123,
    "Split": 1.0680621024573438,
    "at.take_along_axis": 1.0675753272608597,
    "np.empty": 1.0669098052036212,
    "np.float32": 1.0665929777394862,
    "func": 1.0662084063710915,
    "np.flatnonzero": 1.0632669400609465,
    "tensor4": 1.0625129736069274,
    "m.get_value": 1.060762742891904,
    "fill": 1.0601744441144358,
    "ff": 1.0597017493209135,
    "np.int8": 1.0596083404298493,
    "imatrix": 1.0591992830748063,
    "at.is_flat": 1.058812886887472,
    "run_tile": 1.0578154817181766,
    "eval_outputs": 1.0571102484286468,
    "at.concatenate": 1.0564001239011425,
    "tensor_from_scalar": 1.0563175919216083,
    "np.triu": 1.056304382690961,
    "np.tril": 1.0560112286209644,
    "at.ones": 1.0554249204809716,
    "np.nonzero": 1.0549979913536163,
    "np.choose": 1.054732510540259,
    "fmatrix": 1.0541979021803418,
    "g": 1.0536653721026052,
    "Shape_i": 1.0526819971978318,
    "adiag_op": 1.0525849687824937,
    "Assert": 1.0512519206974407,
    "infer_static_shape": 1.047927569315382,
    "np.int32": 1.0468918460742418,
    "np.diagonal": 1.0461086647893312,
    "TensorConstant": 1.0442666344096894,
    "parametrize": 1.0399034525388349,
    "sum": 1.0395372120425095,
    "skip": 1.0384876892318546,
    "self.op": 1.0377695469869106,
    "staticmethod": 1.0340077974788935,
    "alloc": 1.0271406993387378,
    "np.eye": 1.0232640263626556,
    "ls": 1.0166294177245632,
    "np.full": 1.0164159554087222,
    "rng.permutation": 1.0144792484312395,
    "np.expand_dims": 1.0080435337908873,
    "str": 1.0077847696809015,
    "permute": 1.002829403509275,
    "np.int64": 1.0002399589840685,
    "self.eval_outputs_and_check_join": 1.0000246842961455,
    "np.float64": 0.9999697581979329,
    "inverse_permutation": 0.9997480748495785,
    "scalars": 0.9992077780555928,
    "hessian": 0.998475346849536,
    "f_indx": 0.9975712646875367,
    "f_indx_from": 0.9975712646875367,
    "self.eval_outputs_and_check_vector": 0.9972508758252564,
    "partial": 0.99723214382965,
    "rng.standard_normal": 0.9968253307699586,
    "at.second": 0.9965900465624122,
    "expand_dims": 0.9964848868573569,
    "get_vector_length": 0.9964645238089388,
    "triu": 0.9956326854618234,
    "stacklists": 0.9955873071589909,
    "typ": 0.9954993279209537,
    "roll": 0.9953088317949068,
    "at.stack": 0.9945553972162606,
    "get_shift": 0.9945492765849656,
    "a.get_value": 0.9945492765849656,
    "np.roll": 0.9943220641460094,
    "float": 0.9942684336532976,
    "self.split_op_class": 0.9942219305427789,
    "fi": 0.9939528091165315,
    "tril": 0.9939233664300323,
    "make_node": 0.9936089132287753,
    "df": 0.9935986632532595,
    "at.get_scalar_constant_value": 0.9935953350195302,
    "get_mat": 0.9935953350195302,
    "x.dimshuffle": 0.9935832397223214,
    "check_l": 0.9935265039855838,
    "check_u": 0.9935265039855838,
    "check_l_batch": 0.9935265039855838,
    "check_u_batch": 0.9935265039855838,
    "makeBroadcastTester": 0.9935257775156531,
    "pytest.skip": 0.9934795194132316,
    "dict": 0.993447901896274,
    "lvector": 0.992999169477951,
    "aes.int8": 0.9926711482500878,
    "filterwarnings": 0.9926711482500875,
    "bscalar": 0.9926711482500875,
    "specify_shape": 0.9926711482500875,
    "tm._allclose": 0.9926711482500875,
    "dimshuffle": 0.9926711482500875,
    "vectors": 0.9926711482500875,
    "xfail": 0.9926711482500875,
    "map": 0.9926711482500875,
    "at.empty_like": 0.9926711482500875,
    "at.identity_like": 0.9926711482500875,
    "inp": 0.9926711482500875,
    "full_like": 0.9926711482500875,
    "assert_array_equal": 0.9926711482500875,
    "np.broadcast_arrays": 0.9926711482500875,
    "setup_method": 0.9926711482500875,
    "mv.sum": 0.9926711482500875,
    "NotImplementedError": 0.9926711482500875,
    "mkstemp": 0.9926711482500875,
    "np.memmap": 0.9926711482500875,
    "at.tile": 0.9926711482500875,
    "some_vector.reshape": 0.9926711482500875,
    "at.full": 0.9926711482500875,