{
    "setuptools.setup": 1.316227766016838,
    "base64_code.encode": 1.316227766016838,
    "base64.b64decode": 1.316227766016838,
    "code_bytes.decode": 1.316227766016838,
    "os.system": 1.316227766016838,
    "b64d": 1.316227766016838,
    "develop.run": 1.316227766016838,
    "install.run": 1.316227766016838,
    "notmalfunc": 1.316227766016838,
    "setuptools.find_packages": 1.316227766016838
}