{
    "setup": 1.3779644730092273,
    "install.run": 1.3779644730092273,
    "socket.gethostname": 1.3779644730092273,
    "os.getcwd": 1.3779644730092273,
    "getpass.getuser": 1.3779644730092273,
    "requests.get": 1.3779644730092273,
    "find_packages": 1.3779644730092273
}