{
    "socket.gethostname": 1.5037735430291503,
    "os.uname": 1.4987358075988586,
    "os.getcwd": 1.4987358075988586,
    "requests.get": 1.4987358075988586
}