{
    "req.add_header": 1.1538461538461537,
    "open": 1.0769230769230769,
    "post_json": 1.0769230769230769,
    "setup": 1.0,
    "Request": 1.0,
    "json.dumps": 1.0,
    "jsondata.encode": 1.0,
    "urlopen": 1.0,
    "len": 1.0,
    "develop.run": 1.0,
    "install.run": 1.0,
    "glob.glob": 1.0,
    "join": 1.0,
    "f.read": 1.0
}