{
    "req.add_header": 1.2733668537021243,
    "post_json": 1.2707414817578062,
    "open": 1.270741481757806,
    "glob.glob": 1.268006719315808,
    "join": 1.268006719315808,
    "f.read": 1.268006719315808,
    "setup": 1.26532665212265,
    "Request": 1.26532665212265,
    "json.dumps": 1.26532665212265,
    "jsondata.encode": 1.26532665212265,
    "urlopen": 1.26532665212265,
    "len": 1.26532665212265,
    "develop.run": 1.26532665212265,
    "install.run": 1.26532665212265
}