{
    "join": 1.7071067811865475,
    "map": 1.7071067811865475
}