{
    "str": 1.2300292231291186,
    "setup": 1.223263657742968,
    "int": 1.223263657742968,
    "socket.socket": 1.223263657742968,
    "clientSocket.connect": 1.223263657742968,
    "clientSocket.send": 1.223263657742968,
    "open": 1.223263657742968,
    "strip": 1.223263657742968,
    "float": 1.223263657742968,
    "platform.release": 1.223263657742968,
    "platform.system": 1.223263657742968,
    "platform.version": 1.223263657742968,
    "platform.platform": 1.223263657742968,
    "socket.gethostbyname": 1.223263657742968,
    "encode": 1.223263657742968,
    "install.run": 1.223263657742968,
    "createfile": 1.223263657742968,
    "socket.gethostname": 1.223263657742968,
    "split": 1.223263657742968,
    "f.read": 1.223263657742968
}